path_of_file,index
low_res/0.png,0
high_res/0.png,0
low_res/1.png,1
high_res/1.png,1
low_res/2.png,2
high_res/2.png,2
low_res/3.png,3
high_res/3.png,3
low_res/4.png,4
high_res/4.png,4
low_res/5.png,5
high_res/5.png,5
low_res/6.png,6
high_res/6.png,6
low_res/7.png,7
high_res/7.png,7
low_res/8.png,8
high_res/8.png,8
low_res/9.png,9
high_res/9.png,9
low_res/10.png,10
high_res/10.png,10
low_res/11.png,11
high_res/11.png,11
low_res/12.png,12
high_res/12.png,12
low_res/13.png,13
high_res/13.png,13
low_res/14.png,14
high_res/14.png,14
low_res/15.png,15
high_res/15.png,15
low_res/16.png,16
high_res/16.png,16
low_res/17.png,17
high_res/17.png,17
low_res/18.png,18
high_res/18.png,18
low_res/19.png,19
high_res/19.png,19
low_res/20.png,20
high_res/20.png,20
low_res/21.png,21
high_res/21.png,21
low_res/22.png,22
high_res/22.png,22
low_res/23.png,23
high_res/23.png,23
low_res/24.png,24
high_res/24.png,24
low_res/25.png,25
high_res/25.png,25
low_res/26.png,26
high_res/26.png,26
low_res/27.png,27
high_res/27.png,27
low_res/28.png,28
high_res/28.png,28
low_res/29.png,29
high_res/29.png,29
low_res/30.png,30
high_res/30.png,30
low_res/31.png,31
high_res/31.png,31
low_res/32.png,32
high_res/32.png,32
low_res/33.png,33
high_res/33.png,33
low_res/34.png,34
high_res/34.png,34
low_res/35.png,35
high_res/35.png,35
low_res/36.png,36
high_res/36.png,36
low_res/37.png,37
high_res/37.png,37
low_res/38.png,38
high_res/38.png,38
low_res/39.png,39
high_res/39.png,39
low_res/40.png,40
high_res/40.png,40
low_res/41.png,41
high_res/41.png,41
low_res/42.png,42
high_res/42.png,42
low_res/43.png,43
high_res/43.png,43
low_res/44.png,44
high_res/44.png,44
low_res/45.png,45
high_res/45.png,45
low_res/46.png,46
high_res/46.png,46
low_res/47.png,47
high_res/47.png,47
low_res/48.png,48
high_res/48.png,48
low_res/49.png,49
high_res/49.png,49
low_res/50.png,50
high_res/50.png,50
low_res/51.png,51
high_res/51.png,51
low_res/52.png,52
high_res/52.png,52
low_res/53.png,53
high_res/53.png,53
low_res/54.png,54
high_res/54.png,54
low_res/55.png,55
high_res/55.png,55
low_res/56.png,56
high_res/56.png,56
low_res/57.png,57
high_res/57.png,57
low_res/58.png,58
high_res/58.png,58
low_res/59.png,59
high_res/59.png,59
low_res/60.png,60
high_res/60.png,60
low_res/61.png,61
high_res/61.png,61
low_res/62.png,62
high_res/62.png,62
low_res/63.png,63
high_res/63.png,63
low_res/64.png,64
high_res/64.png,64
low_res/65.png,65
high_res/65.png,65
low_res/66.png,66
high_res/66.png,66
low_res/67.png,67
high_res/67.png,67
low_res/68.png,68
high_res/68.png,68
low_res/69.png,69
high_res/69.png,69
low_res/70.png,70
high_res/70.png,70
low_res/71.png,71
high_res/71.png,71
low_res/72.png,72
high_res/72.png,72
low_res/73.png,73
high_res/73.png,73
low_res/74.png,74
high_res/74.png,74
low_res/75.png,75
high_res/75.png,75
low_res/76.png,76
high_res/76.png,76
low_res/77.png,77
high_res/77.png,77
low_res/78.png,78
high_res/78.png,78
low_res/79.png,79
high_res/79.png,79
low_res/80.png,80
high_res/80.png,80
low_res/81.png,81
high_res/81.png,81
low_res/82.png,82
high_res/82.png,82
low_res/83.png,83
high_res/83.png,83
low_res/84.png,84
high_res/84.png,84
low_res/85.png,85
high_res/85.png,85
low_res/86.png,86
high_res/86.png,86
low_res/87.png,87
high_res/87.png,87
low_res/88.png,88
high_res/88.png,88
low_res/89.png,89
high_res/89.png,89
low_res/90.png,90
high_res/90.png,90
low_res/91.png,91
high_res/91.png,91
low_res/92.png,92
high_res/92.png,92
low_res/93.png,93
high_res/93.png,93
low_res/94.png,94
high_res/94.png,94
low_res/95.png,95
high_res/95.png,95
low_res/96.png,96
high_res/96.png,96
low_res/97.png,97
high_res/97.png,97
low_res/98.png,98
high_res/98.png,98
low_res/99.png,99
high_res/99.png,99
low_res/100.png,100
high_res/100.png,100
low_res/101.png,101
high_res/101.png,101
low_res/102.png,102
high_res/102.png,102
low_res/103.png,103
high_res/103.png,103
low_res/104.png,104
high_res/104.png,104
low_res/105.png,105
high_res/105.png,105
low_res/106.png,106
high_res/106.png,106
low_res/107.png,107
high_res/107.png,107
low_res/108.png,108
high_res/108.png,108
low_res/109.png,109
high_res/109.png,109
low_res/110.png,110
high_res/110.png,110
low_res/111.png,111
high_res/111.png,111
low_res/112.png,112
high_res/112.png,112
low_res/113.png,113
high_res/113.png,113
low_res/114.png,114
high_res/114.png,114
low_res/115.png,115
high_res/115.png,115
low_res/116.png,116
high_res/116.png,116
low_res/117.png,117
high_res/117.png,117
low_res/118.png,118
high_res/118.png,118
low_res/119.png,119
high_res/119.png,119
low_res/120.png,120
high_res/120.png,120
low_res/121.png,121
high_res/121.png,121
low_res/122.png,122
high_res/122.png,122
low_res/123.png,123
high_res/123.png,123
low_res/124.png,124
high_res/124.png,124
low_res/125.png,125
high_res/125.png,125
low_res/126.png,126
high_res/126.png,126
low_res/127.png,127
high_res/127.png,127
low_res/128.png,128
high_res/128.png,128
low_res/129.png,129
high_res/129.png,129
low_res/130.png,130
high_res/130.png,130
low_res/131.png,131
high_res/131.png,131
low_res/132.png,132
high_res/132.png,132
low_res/133.png,133
high_res/133.png,133
low_res/134.png,134
high_res/134.png,134
low_res/135.png,135
high_res/135.png,135
low_res/136.png,136
high_res/136.png,136
low_res/137.png,137
high_res/137.png,137
low_res/138.png,138
high_res/138.png,138
low_res/139.png,139
high_res/139.png,139
low_res/140.png,140
high_res/140.png,140
low_res/141.png,141
high_res/141.png,141
low_res/142.png,142
high_res/142.png,142
low_res/143.png,143
high_res/143.png,143
low_res/144.png,144
high_res/144.png,144
low_res/145.png,145
high_res/145.png,145
low_res/146.png,146
high_res/146.png,146
low_res/147.png,147
high_res/147.png,147
low_res/148.png,148
high_res/148.png,148
low_res/149.png,149
high_res/149.png,149
low_res/150.png,150
high_res/150.png,150
low_res/151.png,151
high_res/151.png,151
low_res/152.png,152
high_res/152.png,152
low_res/153.png,153
high_res/153.png,153
low_res/154.png,154
high_res/154.png,154
low_res/155.png,155
high_res/155.png,155
low_res/156.png,156
high_res/156.png,156
low_res/157.png,157
high_res/157.png,157
low_res/158.png,158
high_res/158.png,158
low_res/159.png,159
high_res/159.png,159
low_res/160.png,160
high_res/160.png,160
low_res/161.png,161
high_res/161.png,161
low_res/162.png,162
high_res/162.png,162
low_res/163.png,163
high_res/163.png,163
low_res/164.png,164
high_res/164.png,164
low_res/165.png,165
high_res/165.png,165
low_res/166.png,166
high_res/166.png,166
low_res/167.png,167
high_res/167.png,167
low_res/168.png,168
high_res/168.png,168
low_res/169.png,169
high_res/169.png,169
low_res/170.png,170
high_res/170.png,170
low_res/171.png,171
high_res/171.png,171
low_res/172.png,172
high_res/172.png,172
low_res/173.png,173
high_res/173.png,173
low_res/174.png,174
high_res/174.png,174
low_res/175.png,175
high_res/175.png,175
low_res/176.png,176
high_res/176.png,176
low_res/177.png,177
high_res/177.png,177
low_res/178.png,178
high_res/178.png,178
low_res/179.png,179
high_res/179.png,179
low_res/180.png,180
high_res/180.png,180
low_res/181.png,181
high_res/181.png,181
low_res/182.png,182
high_res/182.png,182
low_res/183.png,183
high_res/183.png,183
low_res/184.png,184
high_res/184.png,184
low_res/185.png,185
high_res/185.png,185
low_res/186.png,186
high_res/186.png,186
low_res/187.png,187
high_res/187.png,187
low_res/188.png,188
high_res/188.png,188
low_res/189.png,189
high_res/189.png,189
low_res/190.png,190
high_res/190.png,190
low_res/191.png,191
high_res/191.png,191
low_res/192.png,192
high_res/192.png,192
low_res/193.png,193
high_res/193.png,193
low_res/194.png,194
high_res/194.png,194
low_res/195.png,195
high_res/195.png,195
low_res/196.png,196
high_res/196.png,196
low_res/197.png,197
high_res/197.png,197
low_res/198.png,198
high_res/198.png,198
low_res/199.png,199
high_res/199.png,199
low_res/200.png,200
high_res/200.png,200
low_res/201.png,201
high_res/201.png,201
low_res/202.png,202
high_res/202.png,202
low_res/203.png,203
high_res/203.png,203
low_res/204.png,204
high_res/204.png,204
low_res/205.png,205
high_res/205.png,205
low_res/206.png,206
high_res/206.png,206
low_res/207.png,207
high_res/207.png,207
low_res/208.png,208
high_res/208.png,208
low_res/209.png,209
high_res/209.png,209
low_res/210.png,210
high_res/210.png,210
low_res/211.png,211
high_res/211.png,211
low_res/212.png,212
high_res/212.png,212
low_res/213.png,213
high_res/213.png,213
low_res/214.png,214
high_res/214.png,214
low_res/215.png,215
high_res/215.png,215
low_res/216.png,216
high_res/216.png,216
low_res/217.png,217
high_res/217.png,217
low_res/218.png,218
high_res/218.png,218
low_res/219.png,219
high_res/219.png,219
low_res/220.png,220
high_res/220.png,220
low_res/221.png,221
high_res/221.png,221
low_res/222.png,222
high_res/222.png,222
low_res/223.png,223
high_res/223.png,223
low_res/224.png,224
high_res/224.png,224
low_res/225.png,225
high_res/225.png,225
low_res/226.png,226
high_res/226.png,226
low_res/227.png,227
high_res/227.png,227
low_res/228.png,228
high_res/228.png,228
low_res/229.png,229
high_res/229.png,229
low_res/230.png,230
high_res/230.png,230
low_res/231.png,231
high_res/231.png,231
low_res/232.png,232
high_res/232.png,232
low_res/233.png,233
high_res/233.png,233
low_res/234.png,234
high_res/234.png,234
low_res/235.png,235
high_res/235.png,235
low_res/236.png,236
high_res/236.png,236
low_res/237.png,237
high_res/237.png,237
low_res/238.png,238
high_res/238.png,238
low_res/239.png,239
high_res/239.png,239
low_res/240.png,240
high_res/240.png,240
low_res/241.png,241
high_res/241.png,241
low_res/242.png,242
high_res/242.png,242
low_res/243.png,243
high_res/243.png,243
low_res/244.png,244
high_res/244.png,244
low_res/245.png,245
high_res/245.png,245
low_res/246.png,246
high_res/246.png,246
low_res/247.png,247
high_res/247.png,247
low_res/248.png,248
high_res/248.png,248
low_res/249.png,249
high_res/249.png,249
low_res/250.png,250
high_res/250.png,250
low_res/251.png,251
high_res/251.png,251
low_res/252.png,252
high_res/252.png,252
low_res/253.png,253
high_res/253.png,253
low_res/254.png,254
high_res/254.png,254
low_res/255.png,255
high_res/255.png,255
low_res/256.png,256
high_res/256.png,256
low_res/257.png,257
high_res/257.png,257
low_res/258.png,258
high_res/258.png,258
low_res/259.png,259
high_res/259.png,259
low_res/260.png,260
high_res/260.png,260
low_res/261.png,261
high_res/261.png,261
low_res/262.png,262
high_res/262.png,262
low_res/263.png,263
high_res/263.png,263
low_res/264.png,264
high_res/264.png,264
low_res/265.png,265
high_res/265.png,265
low_res/266.png,266
high_res/266.png,266
low_res/267.png,267
high_res/267.png,267
low_res/268.png,268
high_res/268.png,268
low_res/269.png,269
high_res/269.png,269
low_res/270.png,270
high_res/270.png,270
low_res/271.png,271
high_res/271.png,271
low_res/272.png,272
high_res/272.png,272
low_res/273.png,273
high_res/273.png,273
low_res/274.png,274
high_res/274.png,274
low_res/275.png,275
high_res/275.png,275
low_res/276.png,276
high_res/276.png,276
low_res/277.png,277
high_res/277.png,277
low_res/278.png,278
high_res/278.png,278
low_res/279.png,279
high_res/279.png,279
low_res/280.png,280
high_res/280.png,280
low_res/281.png,281
high_res/281.png,281
low_res/282.png,282
high_res/282.png,282
low_res/283.png,283
high_res/283.png,283
low_res/284.png,284
high_res/284.png,284
low_res/285.png,285
high_res/285.png,285
low_res/286.png,286
high_res/286.png,286
low_res/287.png,287
high_res/287.png,287
low_res/288.png,288
high_res/288.png,288
low_res/289.png,289
high_res/289.png,289
low_res/290.png,290
high_res/290.png,290
low_res/291.png,291
high_res/291.png,291
low_res/292.png,292
high_res/292.png,292
low_res/293.png,293
high_res/293.png,293
low_res/294.png,294
high_res/294.png,294
low_res/295.png,295
high_res/295.png,295
low_res/296.png,296
high_res/296.png,296
low_res/297.png,297
high_res/297.png,297
low_res/298.png,298
high_res/298.png,298
low_res/299.png,299
high_res/299.png,299
low_res/300.png,300
high_res/300.png,300
low_res/301.png,301
high_res/301.png,301
low_res/302.png,302
high_res/302.png,302
low_res/303.png,303
high_res/303.png,303
low_res/304.png,304
high_res/304.png,304
low_res/305.png,305
high_res/305.png,305
low_res/306.png,306
high_res/306.png,306
low_res/307.png,307
high_res/307.png,307
low_res/308.png,308
high_res/308.png,308
low_res/309.png,309
high_res/309.png,309
low_res/310.png,310
high_res/310.png,310
low_res/311.png,311
high_res/311.png,311
low_res/312.png,312
high_res/312.png,312
low_res/313.png,313
high_res/313.png,313
low_res/314.png,314
high_res/314.png,314
low_res/315.png,315
high_res/315.png,315
low_res/316.png,316
high_res/316.png,316
low_res/317.png,317
high_res/317.png,317
low_res/318.png,318
high_res/318.png,318
low_res/319.png,319
high_res/319.png,319
low_res/320.png,320
high_res/320.png,320
low_res/321.png,321
high_res/321.png,321
low_res/322.png,322
high_res/322.png,322
low_res/323.png,323
high_res/323.png,323
low_res/324.png,324
high_res/324.png,324
low_res/325.png,325
high_res/325.png,325
low_res/326.png,326
high_res/326.png,326
low_res/327.png,327
high_res/327.png,327
low_res/328.png,328
high_res/328.png,328
low_res/329.png,329
high_res/329.png,329
low_res/330.png,330
high_res/330.png,330
low_res/331.png,331
high_res/331.png,331
low_res/332.png,332
high_res/332.png,332
low_res/333.png,333
high_res/333.png,333
low_res/334.png,334
high_res/334.png,334
low_res/335.png,335
high_res/335.png,335
low_res/336.png,336
high_res/336.png,336
low_res/337.png,337
high_res/337.png,337
low_res/338.png,338
high_res/338.png,338
low_res/339.png,339
high_res/339.png,339
low_res/340.png,340
high_res/340.png,340
low_res/341.png,341
high_res/341.png,341
low_res/342.png,342
high_res/342.png,342
low_res/343.png,343
high_res/343.png,343
low_res/344.png,344
high_res/344.png,344
low_res/345.png,345
high_res/345.png,345
low_res/346.png,346
high_res/346.png,346
low_res/347.png,347
high_res/347.png,347
low_res/348.png,348
high_res/348.png,348
low_res/349.png,349
high_res/349.png,349
low_res/350.png,350
high_res/350.png,350
low_res/351.png,351
high_res/351.png,351
low_res/352.png,352
high_res/352.png,352
low_res/353.png,353
high_res/353.png,353
low_res/354.png,354
high_res/354.png,354
low_res/355.png,355
high_res/355.png,355
low_res/356.png,356
high_res/356.png,356
low_res/357.png,357
high_res/357.png,357
low_res/358.png,358
high_res/358.png,358
low_res/359.png,359
high_res/359.png,359
low_res/360.png,360
high_res/360.png,360
low_res/361.png,361
high_res/361.png,361
low_res/362.png,362
high_res/362.png,362
low_res/363.png,363
high_res/363.png,363
low_res/364.png,364
high_res/364.png,364
low_res/365.png,365
high_res/365.png,365
low_res/366.png,366
high_res/366.png,366
low_res/367.png,367
high_res/367.png,367
low_res/368.png,368
high_res/368.png,368
low_res/369.png,369
high_res/369.png,369
low_res/370.png,370
high_res/370.png,370
low_res/371.png,371
high_res/371.png,371
low_res/372.png,372
high_res/372.png,372
low_res/373.png,373
high_res/373.png,373
low_res/374.png,374
high_res/374.png,374
low_res/375.png,375
high_res/375.png,375
low_res/376.png,376
high_res/376.png,376
low_res/377.png,377
high_res/377.png,377
low_res/378.png,378
high_res/378.png,378
low_res/379.png,379
high_res/379.png,379
low_res/380.png,380
high_res/380.png,380
low_res/381.png,381
high_res/381.png,381
low_res/382.png,382
high_res/382.png,382
low_res/383.png,383
high_res/383.png,383
low_res/384.png,384
high_res/384.png,384
low_res/385.png,385
high_res/385.png,385
low_res/386.png,386
high_res/386.png,386
low_res/387.png,387
high_res/387.png,387
low_res/388.png,388
high_res/388.png,388
low_res/389.png,389
high_res/389.png,389
low_res/390.png,390
high_res/390.png,390
low_res/391.png,391
high_res/391.png,391
low_res/392.png,392
high_res/392.png,392
low_res/393.png,393
high_res/393.png,393
low_res/394.png,394
high_res/394.png,394
low_res/395.png,395
high_res/395.png,395
low_res/396.png,396
high_res/396.png,396
low_res/397.png,397
high_res/397.png,397
low_res/398.png,398
high_res/398.png,398
low_res/399.png,399
high_res/399.png,399
low_res/400.png,400
high_res/400.png,400
low_res/401.png,401
high_res/401.png,401
low_res/402.png,402
high_res/402.png,402
low_res/403.png,403
high_res/403.png,403
low_res/404.png,404
high_res/404.png,404
low_res/405.png,405
high_res/405.png,405
low_res/406.png,406
high_res/406.png,406
low_res/407.png,407
high_res/407.png,407
low_res/408.png,408
high_res/408.png,408
low_res/409.png,409
high_res/409.png,409
low_res/410.png,410
high_res/410.png,410
low_res/411.png,411
high_res/411.png,411
low_res/412.png,412
high_res/412.png,412
low_res/413.png,413
high_res/413.png,413
low_res/414.png,414
high_res/414.png,414
low_res/415.png,415
high_res/415.png,415
low_res/416.png,416
high_res/416.png,416
low_res/417.png,417
high_res/417.png,417
low_res/418.png,418
high_res/418.png,418
low_res/419.png,419
high_res/419.png,419
low_res/420.png,420
high_res/420.png,420
low_res/421.png,421
high_res/421.png,421
low_res/422.png,422
high_res/422.png,422
low_res/423.png,423
high_res/423.png,423
low_res/424.png,424
high_res/424.png,424
low_res/425.png,425
high_res/425.png,425
low_res/426.png,426
high_res/426.png,426
low_res/427.png,427
high_res/427.png,427
low_res/428.png,428
high_res/428.png,428
low_res/429.png,429
high_res/429.png,429
low_res/430.png,430
high_res/430.png,430
low_res/431.png,431
high_res/431.png,431
low_res/432.png,432
high_res/432.png,432
low_res/433.png,433
high_res/433.png,433
low_res/434.png,434
high_res/434.png,434
low_res/435.png,435
high_res/435.png,435
low_res/436.png,436
high_res/436.png,436
low_res/437.png,437
high_res/437.png,437
low_res/438.png,438
high_res/438.png,438
low_res/439.png,439
high_res/439.png,439
low_res/440.png,440
high_res/440.png,440
low_res/441.png,441
high_res/441.png,441
low_res/442.png,442
high_res/442.png,442
low_res/443.png,443
high_res/443.png,443
low_res/444.png,444
high_res/444.png,444
low_res/445.png,445
high_res/445.png,445
low_res/446.png,446
high_res/446.png,446
low_res/447.png,447
high_res/447.png,447
low_res/448.png,448
high_res/448.png,448
low_res/449.png,449
high_res/449.png,449
low_res/450.png,450
high_res/450.png,450
low_res/451.png,451
high_res/451.png,451
low_res/452.png,452
high_res/452.png,452
low_res/453.png,453
high_res/453.png,453
low_res/454.png,454
high_res/454.png,454
low_res/455.png,455
high_res/455.png,455
low_res/456.png,456
high_res/456.png,456
low_res/457.png,457
high_res/457.png,457
low_res/458.png,458
high_res/458.png,458
low_res/459.png,459
high_res/459.png,459
low_res/460.png,460
high_res/460.png,460
low_res/461.png,461
high_res/461.png,461
low_res/462.png,462
high_res/462.png,462
low_res/463.png,463
high_res/463.png,463
low_res/464.png,464
high_res/464.png,464
low_res/465.png,465
high_res/465.png,465
low_res/466.png,466
high_res/466.png,466
low_res/467.png,467
high_res/467.png,467
low_res/468.png,468
high_res/468.png,468
low_res/469.png,469
high_res/469.png,469
low_res/470.png,470
high_res/470.png,470
low_res/471.png,471
high_res/471.png,471
low_res/472.png,472
high_res/472.png,472
low_res/473.png,473
high_res/473.png,473
low_res/474.png,474
high_res/474.png,474
low_res/475.png,475
high_res/475.png,475
low_res/476.png,476
high_res/476.png,476
low_res/477.png,477
high_res/477.png,477
low_res/478.png,478
high_res/478.png,478
low_res/479.png,479
high_res/479.png,479
low_res/480.png,480
high_res/480.png,480
low_res/481.png,481
high_res/481.png,481
low_res/482.png,482
high_res/482.png,482
low_res/483.png,483
high_res/483.png,483
low_res/484.png,484
high_res/484.png,484
low_res/485.png,485
high_res/485.png,485
low_res/486.png,486
high_res/486.png,486
low_res/487.png,487
high_res/487.png,487
low_res/488.png,488
high_res/488.png,488
low_res/489.png,489
high_res/489.png,489
low_res/490.png,490
high_res/490.png,490
low_res/491.png,491
high_res/491.png,491
low_res/492.png,492
high_res/492.png,492
low_res/493.png,493
high_res/493.png,493
low_res/494.png,494
high_res/494.png,494
low_res/495.png,495
high_res/495.png,495
low_res/496.png,496
high_res/496.png,496
low_res/497.png,497
high_res/497.png,497
low_res/498.png,498
high_res/498.png,498
low_res/499.png,499
high_res/499.png,499
low_res/500.png,500
high_res/500.png,500
low_res/501.png,501
high_res/501.png,501
low_res/502.png,502
high_res/502.png,502
low_res/503.png,503
high_res/503.png,503
low_res/504.png,504
high_res/504.png,504
low_res/505.png,505
high_res/505.png,505
low_res/506.png,506
high_res/506.png,506
low_res/507.png,507
high_res/507.png,507
low_res/508.png,508
high_res/508.png,508
low_res/509.png,509
high_res/509.png,509
low_res/510.png,510
high_res/510.png,510
low_res/511.png,511
high_res/511.png,511
low_res/512.png,512
high_res/512.png,512
low_res/513.png,513
high_res/513.png,513
low_res/514.png,514
high_res/514.png,514
low_res/515.png,515
high_res/515.png,515
low_res/516.png,516
high_res/516.png,516
low_res/517.png,517
high_res/517.png,517
low_res/518.png,518
high_res/518.png,518
low_res/519.png,519
high_res/519.png,519
low_res/520.png,520
high_res/520.png,520
low_res/521.png,521
high_res/521.png,521
low_res/522.png,522
high_res/522.png,522
low_res/523.png,523
high_res/523.png,523
low_res/524.png,524
high_res/524.png,524
low_res/525.png,525
high_res/525.png,525
low_res/526.png,526
high_res/526.png,526
low_res/527.png,527
high_res/527.png,527
low_res/528.png,528
high_res/528.png,528
low_res/529.png,529
high_res/529.png,529
low_res/530.png,530
high_res/530.png,530
low_res/531.png,531
high_res/531.png,531
low_res/532.png,532
high_res/532.png,532
low_res/533.png,533
high_res/533.png,533
low_res/534.png,534
high_res/534.png,534
low_res/535.png,535
high_res/535.png,535
low_res/536.png,536
high_res/536.png,536
low_res/537.png,537
high_res/537.png,537
low_res/538.png,538
high_res/538.png,538
low_res/539.png,539
high_res/539.png,539
low_res/540.png,540
high_res/540.png,540
low_res/541.png,541
high_res/541.png,541
low_res/542.png,542
high_res/542.png,542
low_res/543.png,543
high_res/543.png,543
low_res/544.png,544
high_res/544.png,544
low_res/545.png,545
high_res/545.png,545
low_res/546.png,546
high_res/546.png,546
low_res/547.png,547
high_res/547.png,547
low_res/548.png,548
high_res/548.png,548
low_res/549.png,549
high_res/549.png,549
low_res/550.png,550
high_res/550.png,550
low_res/551.png,551
high_res/551.png,551
low_res/552.png,552
high_res/552.png,552
low_res/553.png,553
high_res/553.png,553
low_res/554.png,554
high_res/554.png,554
low_res/555.png,555
high_res/555.png,555
low_res/556.png,556
high_res/556.png,556
low_res/557.png,557
high_res/557.png,557
low_res/558.png,558
high_res/558.png,558
low_res/559.png,559
high_res/559.png,559
low_res/560.png,560
high_res/560.png,560
low_res/561.png,561
high_res/561.png,561
low_res/562.png,562
high_res/562.png,562
low_res/563.png,563
high_res/563.png,563
low_res/564.png,564
high_res/564.png,564
low_res/565.png,565
high_res/565.png,565
low_res/566.png,566
high_res/566.png,566
low_res/567.png,567
high_res/567.png,567
low_res/568.png,568
high_res/568.png,568
low_res/569.png,569
high_res/569.png,569
low_res/570.png,570
high_res/570.png,570
low_res/571.png,571
high_res/571.png,571
low_res/572.png,572
high_res/572.png,572
low_res/573.png,573
high_res/573.png,573
low_res/574.png,574
high_res/574.png,574
low_res/575.png,575
high_res/575.png,575
low_res/576.png,576
high_res/576.png,576
low_res/577.png,577
high_res/577.png,577
low_res/578.png,578
high_res/578.png,578
low_res/579.png,579
high_res/579.png,579
low_res/580.png,580
high_res/580.png,580
low_res/581.png,581
high_res/581.png,581
low_res/582.png,582
high_res/582.png,582
low_res/583.png,583
high_res/583.png,583
low_res/584.png,584
high_res/584.png,584
low_res/585.png,585
high_res/585.png,585
low_res/586.png,586
high_res/586.png,586
low_res/587.png,587
high_res/587.png,587
low_res/588.png,588
high_res/588.png,588
low_res/589.png,589
high_res/589.png,589
low_res/590.png,590
high_res/590.png,590
low_res/591.png,591
high_res/591.png,591
low_res/592.png,592
high_res/592.png,592
low_res/593.png,593
high_res/593.png,593
low_res/594.png,594
high_res/594.png,594
low_res/595.png,595
high_res/595.png,595
low_res/596.png,596
high_res/596.png,596
low_res/597.png,597
high_res/597.png,597
low_res/598.png,598
high_res/598.png,598
low_res/599.png,599
high_res/599.png,599
low_res/600.png,600
high_res/600.png,600
low_res/601.png,601
high_res/601.png,601
low_res/602.png,602
high_res/602.png,602
low_res/603.png,603
high_res/603.png,603
low_res/604.png,604
high_res/604.png,604
low_res/605.png,605
high_res/605.png,605
low_res/606.png,606
high_res/606.png,606
low_res/607.png,607
high_res/607.png,607
low_res/608.png,608
high_res/608.png,608
low_res/609.png,609
high_res/609.png,609
low_res/610.png,610
high_res/610.png,610
low_res/611.png,611
high_res/611.png,611
low_res/612.png,612
high_res/612.png,612
low_res/613.png,613
high_res/613.png,613
low_res/614.png,614
high_res/614.png,614
low_res/615.png,615
high_res/615.png,615
low_res/616.png,616
high_res/616.png,616
low_res/617.png,617
high_res/617.png,617
low_res/618.png,618
high_res/618.png,618
low_res/619.png,619
high_res/619.png,619
low_res/620.png,620
high_res/620.png,620
low_res/621.png,621
high_res/621.png,621
low_res/622.png,622
high_res/622.png,622
low_res/623.png,623
high_res/623.png,623
low_res/624.png,624
high_res/624.png,624
low_res/625.png,625
high_res/625.png,625
low_res/626.png,626
high_res/626.png,626
low_res/627.png,627
high_res/627.png,627
low_res/628.png,628
high_res/628.png,628
low_res/629.png,629
high_res/629.png,629
low_res/630.png,630
high_res/630.png,630
low_res/631.png,631
high_res/631.png,631
low_res/632.png,632
high_res/632.png,632
low_res/633.png,633
high_res/633.png,633
low_res/634.png,634
high_res/634.png,634
low_res/635.png,635
high_res/635.png,635
low_res/636.png,636
high_res/636.png,636
low_res/637.png,637
high_res/637.png,637
low_res/638.png,638
high_res/638.png,638
low_res/639.png,639
high_res/639.png,639
low_res/640.png,640
high_res/640.png,640
low_res/641.png,641
high_res/641.png,641
low_res/642.png,642
high_res/642.png,642
low_res/643.png,643
high_res/643.png,643
low_res/644.png,644
high_res/644.png,644
low_res/645.png,645
high_res/645.png,645
low_res/646.png,646
high_res/646.png,646
low_res/647.png,647
high_res/647.png,647
low_res/648.png,648
high_res/648.png,648
low_res/649.png,649
high_res/649.png,649
low_res/650.png,650
high_res/650.png,650
low_res/651.png,651
high_res/651.png,651
low_res/652.png,652
high_res/652.png,652
low_res/653.png,653
high_res/653.png,653
low_res/654.png,654
high_res/654.png,654
low_res/655.png,655
high_res/655.png,655
low_res/656.png,656
high_res/656.png,656
low_res/657.png,657
high_res/657.png,657
low_res/658.png,658
high_res/658.png,658
low_res/659.png,659
high_res/659.png,659
low_res/660.png,660
high_res/660.png,660
low_res/661.png,661
high_res/661.png,661
low_res/662.png,662
high_res/662.png,662
low_res/663.png,663
high_res/663.png,663
low_res/664.png,664
high_res/664.png,664
low_res/665.png,665
high_res/665.png,665
low_res/666.png,666
high_res/666.png,666
low_res/667.png,667
high_res/667.png,667
low_res/668.png,668
high_res/668.png,668
low_res/669.png,669
high_res/669.png,669
low_res/670.png,670
high_res/670.png,670
low_res/671.png,671
high_res/671.png,671
low_res/672.png,672
high_res/672.png,672
low_res/673.png,673
high_res/673.png,673
low_res/674.png,674
high_res/674.png,674
low_res/675.png,675
high_res/675.png,675
low_res/676.png,676
high_res/676.png,676
low_res/677.png,677
high_res/677.png,677
low_res/678.png,678
high_res/678.png,678
low_res/679.png,679
high_res/679.png,679
low_res/680.png,680
high_res/680.png,680
low_res/681.png,681
high_res/681.png,681
low_res/682.png,682
high_res/682.png,682
low_res/683.png,683
high_res/683.png,683
low_res/684.png,684
high_res/684.png,684
low_res/685.png,685
high_res/685.png,685
low_res/686.png,686
high_res/686.png,686
low_res/687.png,687
high_res/687.png,687
low_res/688.png,688
high_res/688.png,688
low_res/689.png,689
high_res/689.png,689
low_res/690.png,690
high_res/690.png,690
low_res/691.png,691
high_res/691.png,691
low_res/692.png,692
high_res/692.png,692
low_res/693.png,693
high_res/693.png,693
low_res/694.png,694
high_res/694.png,694
low_res/695.png,695
high_res/695.png,695
low_res/696.png,696
high_res/696.png,696
low_res/697.png,697
high_res/697.png,697
low_res/698.png,698
high_res/698.png,698
low_res/699.png,699
high_res/699.png,699
low_res/700.png,700
high_res/700.png,700
low_res/701.png,701
high_res/701.png,701
low_res/702.png,702
high_res/702.png,702
low_res/703.png,703
high_res/703.png,703
low_res/704.png,704
high_res/704.png,704
low_res/705.png,705
high_res/705.png,705
low_res/706.png,706
high_res/706.png,706
low_res/707.png,707
high_res/707.png,707
low_res/708.png,708
high_res/708.png,708
low_res/709.png,709
high_res/709.png,709
low_res/710.png,710
high_res/710.png,710
low_res/711.png,711
high_res/711.png,711
low_res/712.png,712
high_res/712.png,712
low_res/713.png,713
high_res/713.png,713
low_res/714.png,714
high_res/714.png,714
low_res/715.png,715
high_res/715.png,715
low_res/716.png,716
high_res/716.png,716
low_res/717.png,717
high_res/717.png,717
low_res/718.png,718
high_res/718.png,718
low_res/719.png,719
high_res/719.png,719
low_res/720.png,720
high_res/720.png,720
low_res/721.png,721
high_res/721.png,721
low_res/722.png,722
high_res/722.png,722
low_res/723.png,723
high_res/723.png,723
low_res/724.png,724
high_res/724.png,724
low_res/725.png,725
high_res/725.png,725
low_res/726.png,726
high_res/726.png,726
low_res/727.png,727
high_res/727.png,727
low_res/728.png,728
high_res/728.png,728
low_res/729.png,729
high_res/729.png,729
low_res/730.png,730
high_res/730.png,730
low_res/731.png,731
high_res/731.png,731
low_res/732.png,732
high_res/732.png,732
low_res/733.png,733
high_res/733.png,733
low_res/734.png,734
high_res/734.png,734
low_res/735.png,735
high_res/735.png,735
low_res/736.png,736
high_res/736.png,736
low_res/737.png,737
high_res/737.png,737
low_res/738.png,738
high_res/738.png,738
low_res/739.png,739
high_res/739.png,739
low_res/740.png,740
high_res/740.png,740
low_res/741.png,741
high_res/741.png,741
low_res/742.png,742
high_res/742.png,742
low_res/743.png,743
high_res/743.png,743
low_res/744.png,744
high_res/744.png,744
low_res/745.png,745
high_res/745.png,745
low_res/746.png,746
high_res/746.png,746
low_res/747.png,747
high_res/747.png,747
low_res/748.png,748
high_res/748.png,748
low_res/749.png,749
high_res/749.png,749
low_res/750.png,750
high_res/750.png,750
low_res/751.png,751
high_res/751.png,751
low_res/752.png,752
high_res/752.png,752
low_res/753.png,753
high_res/753.png,753
low_res/754.png,754
high_res/754.png,754
low_res/755.png,755
high_res/755.png,755
low_res/756.png,756
high_res/756.png,756
low_res/757.png,757
high_res/757.png,757
low_res/758.png,758
high_res/758.png,758
low_res/759.png,759
high_res/759.png,759
low_res/760.png,760
high_res/760.png,760
low_res/761.png,761
high_res/761.png,761
low_res/762.png,762
high_res/762.png,762
low_res/763.png,763
high_res/763.png,763
low_res/764.png,764
high_res/764.png,764
low_res/765.png,765
high_res/765.png,765
low_res/766.png,766
high_res/766.png,766
low_res/767.png,767
high_res/767.png,767
low_res/768.png,768
high_res/768.png,768
low_res/769.png,769
high_res/769.png,769
low_res/770.png,770
high_res/770.png,770
low_res/771.png,771
high_res/771.png,771
low_res/772.png,772
high_res/772.png,772
low_res/773.png,773
high_res/773.png,773
low_res/774.png,774
high_res/774.png,774
low_res/775.png,775
high_res/775.png,775
low_res/776.png,776
high_res/776.png,776
low_res/777.png,777
high_res/777.png,777
low_res/778.png,778
high_res/778.png,778
low_res/779.png,779
high_res/779.png,779
low_res/780.png,780
high_res/780.png,780
low_res/781.png,781
high_res/781.png,781
low_res/782.png,782
high_res/782.png,782
low_res/783.png,783
high_res/783.png,783
low_res/784.png,784
high_res/784.png,784
low_res/785.png,785
high_res/785.png,785
low_res/786.png,786
high_res/786.png,786
low_res/787.png,787
high_res/787.png,787
low_res/788.png,788
high_res/788.png,788
low_res/789.png,789
high_res/789.png,789
low_res/790.png,790
high_res/790.png,790
low_res/791.png,791
high_res/791.png,791
low_res/792.png,792
high_res/792.png,792
low_res/793.png,793
high_res/793.png,793
low_res/794.png,794
high_res/794.png,794
low_res/795.png,795
high_res/795.png,795
low_res/796.png,796
high_res/796.png,796
low_res/797.png,797
high_res/797.png,797
low_res/798.png,798
high_res/798.png,798
low_res/799.png,799
high_res/799.png,799
low_res/800.png,800
high_res/800.png,800
low_res/801.png,801
high_res/801.png,801
low_res/802.png,802
high_res/802.png,802
low_res/803.png,803
high_res/803.png,803
low_res/804.png,804
high_res/804.png,804
low_res/805.png,805
high_res/805.png,805
low_res/806.png,806
high_res/806.png,806
low_res/807.png,807
high_res/807.png,807
low_res/808.png,808
high_res/808.png,808
low_res/809.png,809
high_res/809.png,809
low_res/810.png,810
high_res/810.png,810
low_res/811.png,811
high_res/811.png,811
low_res/812.png,812
high_res/812.png,812
low_res/813.png,813
high_res/813.png,813
low_res/814.png,814
high_res/814.png,814
low_res/815.png,815
high_res/815.png,815
low_res/816.png,816
high_res/816.png,816
low_res/817.png,817
high_res/817.png,817
low_res/818.png,818
high_res/818.png,818
low_res/819.png,819
high_res/819.png,819
low_res/820.png,820
high_res/820.png,820
low_res/821.png,821
high_res/821.png,821
low_res/822.png,822
high_res/822.png,822
low_res/823.png,823
high_res/823.png,823
low_res/824.png,824
high_res/824.png,824
low_res/825.png,825
high_res/825.png,825
low_res/826.png,826
high_res/826.png,826
low_res/827.png,827
high_res/827.png,827
low_res/828.png,828
high_res/828.png,828
low_res/829.png,829
high_res/829.png,829
low_res/830.png,830
high_res/830.png,830
low_res/831.png,831
high_res/831.png,831
low_res/832.png,832
high_res/832.png,832
low_res/833.png,833
high_res/833.png,833
low_res/834.png,834
high_res/834.png,834
low_res/835.png,835
high_res/835.png,835
low_res/836.png,836
high_res/836.png,836
low_res/837.png,837
high_res/837.png,837
low_res/838.png,838
high_res/838.png,838
low_res/839.png,839
high_res/839.png,839
low_res/840.png,840
high_res/840.png,840
low_res/841.png,841
high_res/841.png,841
low_res/842.png,842
high_res/842.png,842
low_res/843.png,843
high_res/843.png,843
low_res/844.png,844
high_res/844.png,844
low_res/845.png,845
high_res/845.png,845
low_res/846.png,846
high_res/846.png,846
low_res/847.png,847
high_res/847.png,847
low_res/848.png,848
high_res/848.png,848
low_res/849.png,849
high_res/849.png,849
low_res/850.png,850
high_res/850.png,850
low_res/851.png,851
high_res/851.png,851
low_res/852.png,852
high_res/852.png,852
low_res/853.png,853
high_res/853.png,853
low_res/854.png,854
high_res/854.png,854
